Ранг,Остаток,Normal_контакты,Cancer_контакты,Δ,Тип
1,335,0.000,6.000,+6.000,Увеличение
2,492,0.000,6.000,+6.000,Увеличение
3,525,1.000,6.000,+5.000,Увеличение
4,92,0.000,5.000,+5.000,Увеличение
5,173,1.000,6.000,+5.000,Увеличение
6,66,2.000,6.000,+4.000,Увеличение
7,417,1.000,5.000,+4.000,Увеличение
8,380,0.000,4.000,+4.000,Увеличение
9,177,1.000,5.000,+4.000,Увеличение
10,303,0.000,4.000,+4.000,Увеличение
11,67,1.000,5.000,+4.000,Увеличение
12,65,1.000,5.000,+4.000,Увеличение
13,261,1.000,5.000,+4.000,Увеличение
14,397,1.000,5.000,+4.000,Увеличение
15,516,1.000,5.000,+4.000,Увеличение
16,490,1.000,5.000,+4.000,Увеличение
17,435,1.000,5.000,+4.000,Увеличение
18,511,0.000,4.000,+4.000,Увеличение
19,81,0.000,3.000,+3.000,Увеличение
20,565,1.000,4.000,+3.000,Увеличение
1,306,6.000,0.000,-6.000,Уменьшение
2,155,7.000,1.000,-6.000,Уменьшение
3,298,5.000,0.000,-5.000,Уменьшение
4,14,5.000,0.000,-5.000,Уменьшение
5,71,5.000,0.000,-5.000,Уменьшение
6,593,5.000,0.000,-5.000,Уменьшение
7,297,5.000,0.000,-5.000,Уменьшение
8,68,5.000,0.000,-5.000,Уменьшение
9,100,5.000,0.000,-5.000,Уменьшение
10,468,5.000,0.000,-5.000,Уменьшение
11,184,6.000,1.000,-5.000,Уменьшение
12,648,5.000,0.000,-5.000,Уменьшение
13,268,5.000,0.000,-5.000,Уменьшение
14,334,4.000,0.000,-4.000,Уменьшение
15,336,4.000,0.000,-4.000,Уменьшение
16,308,4.000,0.000,-4.000,Уменьшение
17,227,4.000,0.000,-4.000,Уменьшение
18,220,6.000,2.000,-4.000,Уменьшение
19,378,4.000,0.000,-4.000,Уменьшение
20,408,5.000,1.000,-4.000,Уменьшение
